EQUIPMENT,IMPORTANCE,ERR_CODE,DESCRIPTION,PROCESS_METHOD,RESET_AVAILABLE
CNV,중,1,输送卡胎,,
CNV,상,2,隔离断开,,
CNV,상,3,断路保护,,
CNV,하,4,后隔离断开,,
CNV,상,5,后断路保护,,
CNV,중,6,摆出异常,,
CNV,하,7,占位连胎,,
CNV,하,8,取拆丢胎,,
CNV,하,9,抱胎异常,,
CNV,하,10,检测超时,,
CNV,하,11,变频故障,,
CNV,하,12,对准超时,,
CNV,하,21,运行超时,,
CNV,하,22,上升超时,,
CNV,하,23,下降超时,,
CNV,하,24,隔离异常,,
CNV,하,25,空开异常,,
CNV,하,26,定位超时,,
CNV,하,27,检测异常,,
CNV,하,28,等待超时,,
CNV,하,29,超限异常,,
CNV,하,30,对准异常,,
CNV,하,31,比对异常,,
CNV,하,32,急停故障,,
CNV,하,33,正向极限,,
CNV,하,34,反向极限,,
CNV,하,35,变频故障,,
CNV,하,40,前端超出,,
CNV,하,41,后端超出,,
CNV,하,42,左侧超出,,
CNV,하,43,右侧超出,,
CNV,하,44,顶面超出,,
CNV,하,45,前后超出,,
CNV,하,46,左右超出,,
CNV,하,47,前左超出,,
CNV,하,48,前右超出,,
CNV,하,49,前高超出,,
CNV,하,50,后左超出,,
CNV,하,51,后右超出,,
CNV,하,52,后高超出,,
CNV,하,53,左高超出,,
CNV,하,54,右高超出,,
CNV,하,55,前后左超出,,
CNV,하,56,前后右超出,,
CNV,하,57,前后高超出,,
CNV,하,58,后左右超出,,
CNV,하,59,后左高超出,,
CNV,하,60,后右高超出,,
CNV,하,61,左右高超出,,
CNV,하,62,前后左右超出,,
CNV,하,63,前后左高超出,,
CNV,하,64,前后右高超出,,
CNV,하,65,后左右高超出,,
CNV,하,66,前后左右高超出,,
CNV,하,71,左叉伸出超时,,
CNV,하,72,左叉收回超时,,
CNV,하,73,右叉伸出超时,,
CNV,하,74,右叉收回超时,,
CNV,하,75,上升超时,,
CNV,하,76,下降超时,,
CNV,하,77,数据异常,,
CNV,하,78,检测异常,,
CNV,하,79,前占异常,,
CNV,하,80,后占异常,,
CNV,하,81,对准异常,,
CNV,하,82,急停故障,,
CNV,하,83,上限位极限,,
CNV,하,84,下限位极限,,
CNV,하,85,超高异常,,
CNV,하,91,二维龙门急停,,
CNV,하,92,X轴伺服报警,,
CNV,하,93,Z轴伺服报警,,
CNV,하,94,抓手伺服报警,,
CNV,하,95,伺服未回零报警,,
CNV,하,96,超时报警,,
CNV,하,97,任务数据错误报警,,
STC,상,1,LV1: 急停按钮被触碰 (GP),按下EMG（紧急停止）按钮,X
STC,상,2,LV1: 急停按钮被触碰 (MP),按下EMG（紧急停止）按钮,X
STC,상,3,LV1: 急停按钮被触碰 (PEN),按下EMG（紧急停止）按钮,X
STC,하,5,LV1: 设备自动状态下没启动运行,动作完成前手动/自动变更,O
STC,중,11,LV1: 1号行走前进方向行程开关被触动,检测限量传感器，需要肉眼确认,X
STC,중,12,LV1: 1号行走 后退限位被触发,检测限量传感器，需要肉眼确认,X
STC,중,13,LV1: 2号行走前进方向行程开关被触动,检测限量传感器，需要肉眼确认,X
STC,중,14,LV1: 2号行走 后退限位被触发,检测限量传感器，需要肉眼确认,X
STC,중,15,LV1: 1号行走 向前时高速切换位置数值不匹配,需要确认速度断开设置,X
STC,중,16,LV1: 1号行走 后退时高速切换位置值不匹配,需要确认速度断开设置,X
STC,중,17,LV1: 2号行走 向前时高速切换位置数值不匹配,需要确认速度断开设置,X
STC,중,18,LV1: 2号行走 后退时高速切换位置值不匹配,需要确认速度断开设置,X
STC,중,19,LV1: 1号货叉 原点位置数值不匹配,基本位置异常，有碰撞危险，需要确认,X
STC,중,20,LV1: 2号货叉 原点位置数值不匹配,基本位置异常，有碰撞危险，需要确认,X
STC,중,21,LV1: 1号载货台上升限位被触发,检测限量传感器，需要肉眼确认,X
STC,중,22,LV1: 1号载货台下降限位被触发,检测限量传感器，需要肉眼确认,X
STC,중,25,LV1: 1号载货台上升高速切换位置数值不匹配,需要确认速度断开设置,X
STC,중,26,LV1: 1号载货台高速切换位置数值不匹配,需要确认速度断开设置,X
STC,중,27,LV1: 2号载货台上升高速切换位置数值不匹配,需要确认速度断开设置,X
STC,중,28,LV1: 2号载货台高速切换位置数值不匹配,需要确认速度断开设置,X
STC,중,29,LV1: 1号行走原点位置数值不匹配,基本位置异常，有碰撞危险，需要确认,X
STC,중,30,LV1: 2号行走原点位置数值不匹配,基本位置异常，有碰撞危险，需要确认,X
STC,중,31,LV1: 1号货叉左侧限位被触发,检测限量传感器，需要肉眼确认,X
STC,중,32,LV1: 1号货叉右侧限位被触发,检测限量传感器，需要肉眼确认,X
STC,중,33,LV1: 2号货叉左侧限位被触发,检测限量传感器，需要肉眼确认,X
STC,중,34,LV1: 2号货叉右侧限位被触发,检测限量传感器，需要肉眼确认,X
STC,중,35,LV1: 1号货叉 左侧速度切换位置值不匹配,需要确认速度断开设置,X
STC,중,36,LV1: 1号货叉右侧速度切换位置数值不匹配,需要确认速度断开设置,X
STC,중,37,LV1: 2号货叉 左侧速度切换位置值不匹配,需要确认速度断开设置,X
STC,중,38,LV1: 2号货叉右侧速度切换位置数值不匹配,需要确认速度断开设置,X
STC,중,39,LV1: 1号货叉 原点位置数值不匹配,基本位置异常，有碰撞危险，需要确认,X
STC,중,40,LV1: 2号货叉 原点位置数值不匹配,基本位置异常，有碰撞危险，需要确认,X
STC,중,41,LV1: 载货台前进方向1号检测钢缆断裂报错,升降电缆感应传感器异常。 电缆传感器检查,X
STC,중,42,LV1: 载货台前进方向2号检测钢缆断裂报错,升降电缆感应传感器异常。 电缆传感器检查,X
STC,중,43,LV1: 载货台后退方向1号检测钢缆断裂报错,升降电缆感应传感器异常。 电缆传感器检查,X
STC,중,44,LV1: 载货台后退方向2号检测钢缆断裂报错,升降电缆感应传感器异常。 电缆传感器检查,X
STC,상,46,LV1: 1号载货台 安全限速器被触动,升降坠落确认用电缆动作传感器异常，实际需要确认,X
STC,상,47,LV1: 1号载货台 安全限速器钢丝断裂,升降坠落确认用电缆传感器异常，实际需要确认,X
STC,중,51,LV1: 立柱向前进方向倾斜,升降倾斜传感器异常。 需要用眼睛确认,X
STC,중,52,LV1: 立柱向后退方向倾斜,升降倾斜传感器异常。 需要用眼睛确认,X
STC,상,61,LV1: 货物超重,货物超重,△
STC,중,62,LV1: 货位重量数据报错,货位重量数据报错,△
STC,하,81,LV3: 检查同步冲突,检查同步冲突,X
STC,하,82,LV3: 从机报错状态,从机报错状态,X
STC,하,83,SYNC SLAVE POSITION DATA ERROR,SYNC - 2호 위치 데이터 이상,X
STC,하,84,LV3: 从机自动运行报错,从机自动运行报错,X
STC,하,85,LV3: 从机避让报错,从机避让报错,X
STC,상,101,LV1 : 1号安全门 - 急停开关,安全门相关实际需要确认,X
STC,상,102,LV1 : 2号安全门 - 急停开关,安全门相关实际需要确认,X
STC,상,103,LV1 : 3号安全门 - 急停开关,安全门相关实际需要确认,X
STC,상,104,LV1 : 4号安全门 - 急停开关,安全门相关实际需要确认,X
STC,상,105,LV1 : 5号安全门 - 急停开关,安全门相关实际需要确认,X
STC,상,106,LV1 : 6号安全门 - 急停开关,安全门相关实际需要确认,X
STC,상,107,LV1 : 7号安全门 - 急停开关,安全门相关实际需要确认,X
STC,상,108,LV1 : 8号安全门 - 急停开关,安全门相关实际需要确认,X
STC,상,109,LV1 : 9号安全门 - 急停开关,安全门相关实际需要确认,X
STC,상,110,LV1 : 10号安全门 - 急停开关,安全门相关实际需要确认,X
STC,상,111,LV1: 01号安全门 - 被打开,安全门相关实际需要确认,X
STC,상,112,LV1: 02号安全门 - 被打开,安全门相关实际需要确认,X
STC,상,113,LV1: 03号安全门 - 被打开,安全门相关实际需要确认,X
STC,상,114,LV1: 04号安全门 - 被打开,安全门相关实际需要确认,X
STC,상,115,LV1: 05号安全门 - 被打开,安全门相关实际需要确认,X
STC,상,116,LV1: 06号安全门 - 被打开,安全门相关实际需要确认,X
STC,상,117,LV1: 07号安全门 - 被打开,安全门相关实际需要确认,X
STC,상,118,LV1: 08号安全门 - 被打开,安全门相关实际需要确认,X
STC,상,119,LV1: 09号安全门 - 被打开,安全门相关实际需要确认,X
STC,상,120,LV1: 10号安全门 - 被打开,安全门相关实际需要确认,X
STC,상,121,LV1 : 1号安全门 - 急停开关,安全门相关，实际需要确认,X
STC,상,122,LV1 : 2号安全门 - 急停开关,安全门相关，实际需要确认,X
STC,상,123,LV1 : 3号安全门 - 急停开关,安全门相关，实际需要确认,X
STC,상,124,LV1 : 4号安全门 - 急停开关,安全门相关，实际需要确认,X
STC,상,125,LV1 : 5号安全门 - 急停开关,安全门相关，实际需要确认,X
STC,상,126,LV1 : 6号安全门 - 急停开关,安全门相关，实际需要确认,X
STC,상,127,LV1 : 7号安全门 - 急停开关,安全门相关，实际需要确认,X
STC,상,128,LV1 : 8号安全门 - 急停开关,安全门相关，实际需要确认,X
STC,상,129,LV1 : 9号安全门 - 急停开关,安全门相关，实际需要确认,X
STC,상,130,LV1 : 10号安全门 - 急停开关,安全门相关，实际需要确认,X
STC,상,131,LV1: 01号安全门 - 被打开,安全门相关，实际需要确认,X
STC,상,132,LV1: 02号安全门 - 被打开,安全门相关，实际需要确认,X
STC,상,133,LV1: 03号安全门 - 被打开,安全门相关，实际需要确认,X
STC,상,134,LV1: 04号安全门 - 被打开,安全门相关，实际需要确认,X
STC,상,135,LV1: 05号安全门 - 被打开,安全门相关，实际需要确认,X
STC,상,136,LV1: 06号安全门 - 被打开,安全门相关，实际需要确认,X
STC,상,137,LV1: 07号安全门 - 被打开,安全门相关，实际需要确认,X
STC,상,138,LV1: 08号安全门 - 被打开,安全门相关，实际需要确认,X
STC,상,139,LV1: 09号安全门 - 被打开,安全门相关，实际需要确认,X
STC,상,140,LV1: 10号安全门 - 被打开,安全门相关，实际需要确认,X
STC,상,151,LV1:  1号安全光栅被遮挡,关于安全光传感器，需要实际确认。,X
STC,상,152,LV1 : 2号安全光栅被遮挡,关于安全光传感器，需要实际确认。,X
STC,상,153,LV1 : 3号安全光栅被遮挡,关于安全光传感器，需要实际确认。,X
STC,상,154,LV1 : 4号安全光栅被遮挡,关于安全光传感器，需要实际确认。,X
STC,상,155,LV1 : 5号安全光栅被遮挡,关于安全光传感器，需要实际确认。,X
STC,상,156,LV1 : 6号安全光栅被遮挡,关于安全光传感器，需要实际确认。,X
STC,상,157,LV1 : 7号安全光栅被遮挡,关于安全光传感器，需要实际确认。,X
STC,상,158,LV1 : 8号安全光栅被遮挡,关于安全光传感器，需要实际确认。,X
STC,상,159,LV1 : 9号安全光栅被遮挡,关于安全光传感器，需要实际确认。,X
STC,상,160,LV1 : 10号安全光栅被遮挡,关于安全光传感器，需要实际确认。,X
STC,상,161,LV1 : 11号安全光栅被遮挡,关于安全光传感器，需要实际确认。,X
STC,상,162,LV1 : 12号安全光栅被遮挡,关于安全光传感器，需要实际确认。,X
STC,상,163,LV1 : 13号安全光栅被遮挡,关于安全光传感器，需要实际确认。,X
STC,상,164,LV1 : 14号安全光栅被遮挡,关于安全光传感器，需要实际确认。,X
STC,상,165,LV1 : 15号安全光栅被遮挡,关于安全光传感器，需要实际确认。,X
STC,상,166,LV1 : 16号安全光栅被遮挡,关于安全光传感器，需要实际确认。,X
STC,상,167,LV1 : 17号安全光栅被遮挡,关于安全光传感器，需要实际确认。,X
STC,상,168,LV1 : 18号安全光栅被遮挡,关于安全光传感器，需要实际确认。,X
STC,상,169,LV1 : 19号安全光栅被遮挡,关于安全光传感器，需要实际确认。,X
STC,상,170,LV1 : 20号安全光栅被遮挡,关于安全光传感器，需要实际确认。,X
STC,상,171,LV1 : 21号安全光栅被遮挡,关于安全光传感器，需要实际确认。,X
STC,상,172,LV1 : 22号安全光栅被遮挡,关于安全光传感器，需要实际确认。,X
STC,상,173,LV1 : 23号安全光栅被遮挡,关于安全光传感器，需要实际确认。,X
STC,상,174,LV1 : 24号安全光栅被遮挡,关于安全光传感器，需要实际确认。,X
STC,상,175,LV1 : 25号安全光栅被遮挡,关于安全光传感器，需要实际确认。,X
STC,상,176,LV1 : 26号安全光栅被遮挡,关于安全光传感器，需要实际确认。,X
STC,상,177,LV1 : 27号安全光栅被遮挡,关于安全光传感器，需要实际确认。,X
STC,상,178,LV1 : 28号安全光栅被遮挡,关于安全光传感器，需要实际确认。,X
STC,상,179,LV1 : 29号安全光栅被遮挡,关于安全光传感器，需要实际确认。,X
STC,상,180,LV1 : 30号安全光栅被遮挡,关于安全光传感器，需要实际确认。,X
STC,상,181,LV1: 01号安全门被打开,安全相关，需要实际确认。,X
STC,상,182,LV1: 02号安全门被打开,安全相关，需要实际确认。,X
STC,상,183,LV1: 03号安全门被打开,安全相关，需要实际确认。,X
STC,상,184,LV1: 04号安全门被打开,安全相关，需要实际确认。,X
STC,상,185,LV1: 05号安全门被打开,安全相关，需要实际确认。,X
STC,상,186,LV1: 06号安全门被打开,安全相关，需要实际确认。,X
STC,상,187,LV1: 07号安全门被打开,安全相关，需要实际确认。,X
STC,상,188,LV1: 08号安全门被打开,安全相关，需要实际确认。,X
STC,상,189,LV1: 09号安全门被打开,安全相关，需要实际确认。,X
STC,상,190,LV1: 10号安全门被打开,安全相关，需要实际确认。,X
STC,상,201,LV2: 空开跳闸 - 1号行走变频器,无法采取电气切断、措施,X
STC,상,202,LV2: 空开跳闸 - 2号行走变频器,无法采取电气切断、措施,X
STC,상,203,LV2: 空开跳闸 - 1号提升变频器,无法采取电气切断、措施,X
STC,상,204,LV2: 空开跳闸 - 2号提升变频器,无法采取电气切断、措施,X
STC,상,205,LV2: 空开跳闸 -  1号提升变频器,无法采取电气切断、措施,X
STC,상,206,LV2: 空开跳闸 -  2号提升变频器,无法采取电气切断、措施,X
STC,상,207,LV2: 空开跳闸 - 机上柜,无法采取电气切断、措施,X
STC,상,211,LV2: 开关跳闸 - 1号行走电机抱闸,无法采取电气切断、措施,X
STC,상,212,LV2: 开关跳闸 - 2号行走电机抱闸,无法采取电气切断、措施,X
STC,상,213,LV2: 开关跳闸 - 1号提升电机抱闸,无法采取电气切断、措施,X
STC,상,214,LV2: 开关跳闸 - 2号提升电机抱闸,无法采取电气切断、措施,X
STC,상,215,LV2: 开关跳闸 -  1号货叉电机抱闸,无法采取电气切断、措施,X
STC,상,216,LV2: 开关跳闸 -  2号货叉电机抱闸,无法采取电气切断、措施,X
STC,상,221,LV2: 01号开关跳闸,无法采取电气切断、措施,X
STC,상,222,LV2: 02号开关跳闸,无法采取电气切断、措施,X
STC,상,223,LV2: 03号开关跳闸,无法采取电气切断、措施,X
STC,상,224,LV2: 04号开关跳闸,无法采取电气切断、措施,X
STC,상,225,LV2: 05号开关跳闸,无法采取电气切断、措施,X
STC,상,226,LV2: 06号开关跳闸,无法采取电气切断、措施,X
STC,상,227,LV2: 07号开关跳闸,无法采取电气切断、措施,X
STC,상,228,LV2: 08号开关跳闸,无法采取电气切断、措施,X
STC,상,229,LV2: 09号开关跳闸,无法采取电气切断、措施,X
STC,상,230,LV2: 10号开关跳闸,无法采取电气切断、措施,X
STC,상,231,LV2: 11号开关跳闸,无法采取电气切断、措施,X
STC,상,232,LV2: 12号开关跳闸,无法采取电气切断、措施,X
STC,상,233,LV2: 13号开关跳闸,无法采取电气切断、措施,X
STC,상,234,LV2: 14号开关跳闸,无法采取电气切断、措施,X
STC,상,235,LV2: 15号开关跳闸,无法采取电气切断、措施,X
STC,상,236,LV2: 16号开关跳闸,无法采取电气切断、措施,X
STC,상,237,LV2: 17号开关跳闸,无法采取电气切断、措施,X
STC,상,238,LV2: 18号开关跳闸,无法采取电气切断、措施,X
STC,상,239,LV2: 19号开关跳闸,无法采取电气切断、措施,X
STC,상,240,LV2: 20号开关跳闸,无法采取电气切断、措施,X
STC,하,241,LV2: 手动控制器状态错误,操作开关通信错误，重试,O
STC,중,301,LV2: 1号行走 激光测距仪报错,传感器测量异常，重试,O
STC,중,302,LV2: 1号行走 激光测距仪数值报错,传感器测量异常，重试,O
STC,중,309,LV2: 1号行走原点参考状态报错,基本位置相关，需要实际确认。,X
STC,중,311,LV2: 1号行走定位报错,重试,O
STC,중,313,LV2: 行走轴互锁报错,行驶中轴异常,X
STC,중,314,LV2: 1号货叉提升时状态报错,确认叉子后重试,O
STC,중,315,LV2: 2号货叉提升时状态报错,确认叉子后重试,O
STC,중,316,LV2: 1号行走运行超时,重试,O
STC,중,321,LV2: 1号行走电机过流,过电流,X
STC,중,322,LV2: 1号行走电机编码器报错,编码器异常，实际需要确认,X
STC,상,323,LV2: 1号行走变频器通讯报错,通信重试,O
STC,중,324,LV2: 1号行走速度跟随报错,重试速度设置,O
STC,중,325,LV2: 1号行走速度跟随报错,重试,O
STC,상,330,LV2: 1号行走变频器报错,原因多样,X
STC,중,340,LV2: 1号行走手动,行驶偏离位置值,X
STC,중,351,LV2: 2号行走 激光测距仪报错,传感器测量错误，重试,O
STC,중,352,LV2: 2号行走 激光测距仪数值报错,传感器测量错误，重试,O
STC,중,359,LV2: 2号行走原点参考状态报错,基本对齐需要进行目视检查。,X
STC,중,361,LV2: 2号行走定位报错,重试,O
STC,중,366,LV2: 2号行走运行超时,重试,O
STC,중,371,LV2: 2号行走电机过流,过电流,X
STC,중,372,LV2: 2号行走电机编码器报错,编码器异常，实际需要确认,X
STC,상,373,LV2: 2号行走变频器通讯报错,通信重试,X
STC,중,374,LV2: 2号行走速度跟随报错,速度设置重试,O
STC,중,375,LV2: 2号行走速度跟随报错,重试,O
STC,상,380,LV2: 2号行走变频器报错,原因多样,X
STC,중,390,LV2:2号行走手动,行驶偏离位置值,X
STC,중,401,LINEAR SCALE SENSOR ERROR,传感器测量错误，重试,O
STC,중,402,LINEAR SCALE COUNT VALUE ERROR,传感器测量错误，重试,O
STC,중,403,LV2: 1号载货台位置值报错,CMD异常确认,△
STC,중,407,LV2: WCS状态报错,通信重试,O
STC,중,408,LV2: WCS数据报错,重试,O
STC,중,409,LV2: 1号载货台原点参考状态报错,基本对齐需要进行目视检查。,X
STC,중,411,LV2: 1号载货台定位报错,重试,O
STC,상,413,LV2: 提升轴互锁报错,升降机运行中轴异常,X
STC,중,414,LV2: 1号货叉提升时状态报错,确认叉子后重试,O
STC,중,415,LV2: 1号货叉提升时状态报错,确认叉子后重试,O
STC,중,416,LV2: 1号载货台提升超时,重试,O
STC,상,417,LV2: 1号载货台超重,货物超重,△
STC,중,421,LV2: 1号载货台电机过流,过电流,X
STC,중,422,LV2: 1号载货台电机编码器报错,编码器异常，实际需要确认,X
STC,상,423,LV2: 1号载货台变频器通讯报错,通信重试,O
STC,중,424,LV2: 1号载货台电机速度报错,速度设置重试,O
STC,중,425,LV2: 1号载货台电机速度报错,电机未按变频器输出运行,O
STC,상,430,LV2: 1号载货台变频器报错,变频器故障,X
STC,중,440,LV2: 1号载货台手动,升降位置值偏离,X
STC,중,453,LV2: 2号载货台位置数值报错,CMD异常确认,△
STC,중,459,LV2: 2号载货台原点参考状态报错,基本对齐需要进行目视检查。,X
STC,중,461,LV2: 2号载货台定位报错,重试,O
STC,중,466,LV2: 2号载货台提升超时,重试,O
STC,상,467,LV2: 2号载货台超重,货物超重,△
STC,중,471,LV2: 2号载货台电机过流,过电流,X
STC,중,472,LV2: 2号载货台电机编码器报错,编码器异常，实际需要确认,X
STC,상,473,LV2: 2号载货台变频器通讯报错,通信重试,O
STC,중,474,LV2: 2号载货台电机速度报错,速度设置重试,O
STC,중,475,LV2: 2号载货台电机速度报错,电机未按变频器输出运行,O
STC,상,480,LV2: 2号载货台变频器报错,变频器故障,X
STC,중,490,LV2: 2号载货台手动,升降位置值偏离,X
STC,중,501,LV2: 1号货叉原点参考状态报错,基本对齐需要进行目视检查。,X
STC,상,502,LV2: 1号货叉货物前进方向超限,叉内货物定位传感器故障,X
STC,상,503,LV2: 1号货叉货物后退方向超限,叉内货物定位传感器故障,X
STC,상,504,LV2: 1号货叉货物左侧超宽,叉内货物定位传感器故障,X
STC,상,505,LV2: 1号货叉货物右侧超宽,叉内货物定位传感器故障,X
STC,상,506,LV2: 1号货叉货物超高,叉内货物定位传感器故障,X
STC,중,507,LV2: 1号货叉左侧末端传感器状态报错,传感器状态异常,X
STC,중,508,LV2: 1号货叉左侧减速传感器状态报错,传感器状态异常,X
STC,중,509,LV2: 1号货叉右侧减速传感器状态报错,传感器状态异常,X
STC,중,510,LV2: 1号货叉右侧末端传感器状态报错,传感器状态异常,X
STC,중,511,LV2: 1号货叉货物检测报错,传感器状态异常,X
STC,상,512,LV2: 1号货叉货物左侧超宽传感器状态报错,传感器状态异常,X
STC,상,513,LV2: 1号货叉货物右侧超宽传感器状态报错,传感器状态异常,X
STC,상,514,LV2: 1号货叉货物高度检测传感器状态报错,传感器状态异常,X
STC,중,516,LV2: 1号货叉运行超时,确认叉子后重试,O
STC,중,517,LV2: 1号货叉检测到左侧货位有货物,传感器状态异常,X
STC,중,518,LV2: 1号货叉检测到右侧货位有货物,传感器状态异常,X
STC,중,519,LV2: 1号货叉检测货物尺寸报错,传感器状态异常,X
STC,중,521,LV2: 1号货叉电机过流,过电流,X
STC,중,522,LV2: 1号货叉电机编码器报错,编码器异常，实际需要确认,X
STC,상,523,LV2: 1号货叉变频器通讯报错,通信重试,O
STC,중,524,LV2: 1号货叉电机速度报错,速度设置重试,O
STC,중,525,LV2: 1号货叉电机速度跟踪报错,重试,O
STC,상,530,LV2: 1号货叉变频器报错,变频器故障,X
STC,중,531,LV2: 1号货叉位置值报错,叉位位置值异常,△
STC,중,535,LV2: 1号货叉检测到左侧货架有货物(离线状态),卸货前左侧货架有货,X
STC,중,536,LV2: 1号货叉检测到右侧货架有货物(离线状态),卸货前右侧货架有货,X
STC,중,540,LV2: 1号货叉手动,叉位位置值异常,X
STC,상,541,LV2: 1号货叉左侧上板状态报错,叉1左侧托板异常,X
STC,상,542,LV2: 1号货叉右侧上板状态报错,叉1右侧托板异常,X
STC,중,551,LV2: 2号货叉原点参考状态报错,基本对齐需要进行目视检查。,X
STC,상,552,LV2: 2号货叉货物前进方向超限,叉内货物定位传感器故障,X
STC,상,553,LV2: 2号货叉货物后退方向超限,叉内货物定位传感器故障,X
STC,상,554,LV2: 2号货叉货物左侧超宽,叉内货物定位传感器故障,X
STC,상,555,LV2: 2号货叉货物右侧超宽,叉内货物定位传感器故障,X
STC,상,556,LV2: 2号货叉货物超高,叉内货物定位传感器故障,X
STC,중,557,LV2: 2号货叉左侧末端传感器状态报错,传感器状态异常,X
STC,중,558,LV2: 2号货叉左侧减速传感器状态报错,传感器状态异常,X
STC,중,559,LV2: 2号货叉右侧减速传感器状态报错,传感器状态异常,X
STC,중,560,LV2: 2号货叉右侧减速传感器状态报错,传感器状态异常,X
STC,중,561,LV2: 2号货叉货物检测报错,传感器状态异常,X
STC,상,562,LV2: 2号货叉货物左侧超宽传感器状态报错,传感器状态异常,X
STC,상,563,LV2: 2号货叉货物右侧超宽传感器状态报错,传感器状态异常,X
STC,상,564,LV2: 2号货叉货物高度检测传感器状态报错,传感器状态异常,X
STC,중,566,LV2: 2号货叉运行超时,确认叉子后重试,O
STC,중,567,LV2: 2号货叉检测到左侧货位有货物,传感器状态异常,X
STC,중,568,LV2: 2号货叉检测到右侧货位有货物,传感器状态异常,X
STC,중,569,LV2: 2号货叉检测货物尺寸报错,传感器状态异常,X
STC,중,571,LV2: 2号货叉电机过流,过电流,X
STC,중,572,LV2: 2号货叉电机编码器报错,编码器异常，实际需要确认,X
STC,상,573,LV2: 2号货叉变频器通讯报错,通信重试,O
STC,중,574,LV2: 2号货叉电机速度报错,速度设置重试,O
STC,중,575,LV2: 2号货叉电机速度跟踪报错,电机未按变频器输出运行,O
STC,상,580,LV2: 2号货叉变频器报错,变频器故障,X
STC,중,581,LV3: 2号货叉位置值错误,叉位位置值异常,X
STC,중,585,LV3: 2号货叉左侧货位有货物(离线),卸货前左侧货架有货,X
STC,중,586,LV2：检测到叉2右齿条负载（离线）,卸货前右侧货架有货,X
STC,상,590,LV2: 1号货叉手动,叉位位置值异常,X
STC,중,591,LV2: 1号货叉左侧上板状态报错,叉1左侧托板异常,X
STC,중,592,LV2: 1号货叉右侧上板状态报错,叉1右侧托板异常,X
STC,상,601,LV2: GP柜-MP柜通讯报错,通信重试,O
STC,중,611,LV2: 1号货叉装货步骤第1步超时,单位动作超时，重试,O
STC,중,612,LV2: 1号货叉装货步骤第2步超时,单位动作超时，重试,O
STC,중,613,LV2: 1号货叉装货步骤第3步超时,单位动作超时，重试,O
STC,중,614,LV2: 1号货叉装货步骤第4步超时,单位动作超时，重试,O
STC,중,615,LV2: 1号货叉装货步骤第5步超时,单位动作超时，重试,O
STC,중,616,LV2: 1号货叉装货步骤第6步超时,单位动作超时，重试,O
STC,중,617,LV2: 1号货叉装货步骤第7步超时,单位动作超时，重试,O
STC,중,618,LV2: 1号货叉装货步骤第8步超时,单位动作超时，重试,O
STC,중,619,LV2: 1号货叉装货步骤第9步超时,单位动作超时，重试,O
STC,중,620,LV2: 1号货叉装货步骤第10步超时,单位动作超时，重试,O
STC,중,621,LV2: 1号货叉卸货步骤第1步超时,单位动作超时，重试,O
STC,중,622,LV2: 1号货叉卸货步骤第2步超时,单位动作超时，重试,O
STC,중,623,LV2: 1号货叉卸货步骤第3步超时,单位动作超时，重试,O
STC,중,624,LV2: 1号货叉卸货步骤第4步超时,单位动作超时，重试,O
STC,중,625,LV2: 1号货叉卸货步骤第5步超时,单位动作超时，重试,O
STC,중,626,LV2: 1号货叉卸货步骤第6步超时,单位动作超时，重试,O
STC,중,627,LV2: 1号货叉卸货步骤第7步超时,单位动作超时，重试,O
STC,중,628,LV2: 1号货叉卸货步骤第8步超时,单位动作超时，重试,O
STC,중,629,LV2: 1号货叉卸货步骤第9步超时,单位动作超时，重试,O
STC,중,630,LV2: 1号货叉卸货步骤第10步超时,单位动作超时，重试,O
STC,중,631,LV2: 2号货叉装货步骤第1步超时,单位动作超时，重试,O
STC,중,632,LV2: 2号货叉装货步骤第2步超时,单位动作超时，重试,O
STC,중,633,LV2: 2号货叉装货步骤第3步超时,单位动作超时，重试,O
STC,중,634,LV2: 2号货叉装货步骤第4步超时,单位动作超时，重试,O
STC,중,635,LV2: 2号货叉装货步骤第5步超时,单位动作超时，重试,O
STC,중,636,LV2: 2号货叉装货步骤第6步超时,单位动作超时，重试,O
STC,중,637,LV2: 2号货叉装货步骤第7步超时,单位动作超时，重试,O
STC,중,638,LV2: 2号货叉装货步骤第8步超时,单位动作超时，重试,O
STC,중,639,LV2: 2号货叉装货步骤第9步超时,单位动作超时，重试,O
STC,중,640,LV2: 2号货叉装货步骤第10步超时,单位动作超时，重试,O
STC,중,641,LV2: 2号货叉卸货步骤第1步超时,单位动作超时，重试,O
STC,중,642,LV2: 2号货叉卸货步骤第2步超时,单位动作超时，重试,O
STC,중,643,LV2: 2号货叉卸货步骤第3步超时,单位动作超时，重试,O
STC,중,644,LV2: 2号货叉卸货步骤第4步超时,单位动作超时，重试,O
STC,중,645,LV2: 2号货叉卸货步骤第5步超时,单位动作超时，重试,O
STC,중,646,LV2: 2号货叉卸货步骤第6步超时,单位动作超时，重试,O
STC,중,647,LV2: 2号货叉卸货步骤第7步超时,单位动作超时，重试,O
STC,중,648,LV2: 2号货叉卸货步骤第8步超时,单位动作超时，重试,O
STC,중,649,LV2: 2号货叉卸货步骤第9步超时,单位动作超时，重试,O
STC,중,650,LV2: 2号货叉卸货步骤第10步超时,单位动作超时，重试,O
STC,중,661,LV2：提升机线性计数值检查,升降位置值偏离,X
STC,중,670,LV2: 1号货叉取货工位没有允许信号,入库输送机联锁异常,X
STC,중,671,LV2: 1号货叉放货工位没有允许信号,出库输送机联锁异常,X
STC,중,673,LV2: 2号货叉放货工位没有允许信号,出库输送机联锁异常,X
STC,중,674,LV2: 1号货叉作业货位被禁用,目的地禁用设定。设定变更。,X
STC,중,675,LV2: 2号货叉作业货位被禁用,目的地禁用设定。设定变更。,X
STC,중,676,LV2: 自动或远程状态下没启动运行,自动运行未执行。,X
STC,상,680,LV2: 提升机制动电阻温度报警,升降制动器温度超限报警。,X
STC,상,801,LV3: RCP通讯报错,与RCP通信超时。通信重试。,O
STC,중,811,LV3：装载步骤后未检测到叉 1 负载,共出库，自动恢复可用。,O
STC,중,812,LV3：装载步骤后未检测到叉 2 负载,共出库，自动恢复可用。,O
STC,중,813,LV3：卸载步骤后检测到叉1/叉2负载,卸货后检测到实物。请检查货物传感器。,X
STC,중,814,LV3：卸载步骤后检测到叉车 1 负载,卸货后检测到实物。请检查货物传感器。,X
STC,중,815,LV3：卸载步骤后检测到叉 2 负载,卸货后检测到实物。请检查货物传感器。,X
STC,중,816,LV3：卸载步骤后检测到叉1/叉2负载,卸货后检测到实物。请检查货物传感器。,X
STC,중,821,LV3: 1号货叉 在线任务编号数据错误,数据错误，重新请求数据。,O
STC,중,822,LV3: 1号货叉 在线任务类型数据错误,数据错误，重新请求数据。,O
STC,중,823,LV3: 1号货叉 在线取货任务的排号数据错误,数据错误，重新请求数据。,O
STC,중,824,LV3: 1号货叉 在线取货任务的列号数据错误,数据错误，重新请求数据。,O
STC,중,825,LV3: 1号货叉 在线取货任务的层高数据错误,数据错误，重新请求数据。,O
STC,중,826,LV3: 1号货叉 在线取货任务输入数据错误,数据错误，重新请求数据。,O
STC,중,827,LV3: 1号货叉 在线放货任务的排号数据错误,数据错误，重新请求数据。,O
STC,중,828,LV3: 1号货叉 在线放货任务的列号数据错误,数据错误，重新请求数据。,O
STC,중,829,LV3: 1号货叉 在线放货任务的层高数据错误,数据错误，重新请求数据。,O
STC,중,830,LV3: 1号货叉 在线放货任务输出数据错误,数据错误，重新请求数据。,O
STC,중,831,LV3: 2号货叉 在线任务编号数据错误,数据错误，重新请求数据。,O
STC,중,832,LV3: 2号货叉 在线任务类型数据错误,数据错误，重新请求数据。,O
STC,중,833,LV3 : FORK 2 在线加载作业通道数据错误,数据错误，重新请求数据。,O
STC,중,834,LV3: 2号货叉 在线取货任务的列号错误,数据错误，重新请求数据。,O
STC,중,835,LV3: 2号货叉 在线取货任务的层高错误,数据错误，重新请求数据。,O
STC,중,836,LV3: 2号货叉在线取货任务的输入信息错误,数据错误，重新请求数据。,O
STC,중,837,LV3: 2号货叉在线放货任务的输入信息错误,数据错误，重新请求数据。,O
STC,중,838,LV3: 2号货叉 在线放货任务的列号数据错误,数据错误，重新请求数据。,O
STC,중,839,LV3: 2号货叉 在线放货任务的层高错误,数据错误，重新请求数据。,O
STC,중,840,LV3: 2号货叉 在线放货任务输出数据错误,数据错误，重新请求数据。,O
STC,중,843,FORK2 LEFT DOUBLE CELL ERROR,双重入库传感器动作异常。请检查传感器。,△
STC,중,851,LV3: 1号货叉重复入库,作业重复错误。,△
STC,중,852,FORK 1 RIGHT DUPLICATION JOB ERROR,作业重复错误。,△
STC,중,853,LV3: 2号货叉任务重复报错(重复入库),作业重复错误。,△
STC,중,854,FORK 2 RIGHT DUPLICATION JOB ERROR,作业重复错误。,△
STC,중,855,LV3: 1/2号货叉任务重复报错(重复入库),双重入库传感器动作异常。请检查传感器。,△
STC,중,856,LV3: 重复入库时RCP没下发新的任务报警,RCP无响应。,△
STC,중,858,LV3: 1号货叉出库任务重复报错(重复出库),作业重复错误。,X
STC,중,859,LV3: 2号货叉出库任务报错(重复出库),作业重复错误。,X
STC,중,861,LV3: 1号货叉作业状态报错,作业重复错误。,X
STC,중,862,LV3: 2号货叉作业状态报错,作业重复错误。,X
STC,중,863,LV3：叉1目标单元禁止,目的地禁用设定。设定变更。,X
STC,중,864,LV3：叉2目标单元禁止,目的地禁用设定。设定变更。,X
STC,중,865,LV3: 1号货叉装货时干涉(货位阻挡),叉位装载异常。,X
STC,중,871,LV3: 上线任务完成的RCP应答超时,作业完成响应超时。,O
STC,중,872,LV3: 任务命令报错(单伸模式),作业指令错误。,O
STC,중,873,LV3: 行走目的地值错误,行驶目的地数值错误。,X
STC,중,874,LV3: 提升目的地值错误,升降目的地数值错误。,X
STC,중,881,LV3: 检查同步冲突,同步冲突确认。,X
STC,중,882,LV3: 从机报错状态,同步从站条件错误。,X
STC,중,883,LV3: 从机自动运行报错,同步从站自动运行错误。,X
STC,중,884,LV3: 从机避让报错,同步从站避让错误。,X
STC,중,1001,GP_LV1: GP面板急停,地面面板紧急停止。,X
STC,상,1002,GP_LV1: 前面安全门急停,前方安全门紧急停止。,X
STC,상,1003,GP_LV1: 后面安全门急停,后方安全门紧急停止。,X
STC,상,1004,GP_LV1: 前面安全门打开,前方安全门开启。,X
STC,상,1005,GP_LV1: 后面安全门打开,后方安全门开启。,X
STC,상,1010,GP_LV2: CP122 CP4 电源开关跳闸,CP错误。,X
STC,상,1011,GP_LV2: CP122 CP5 电源开关跳闸,CP错误。,X
STC,상,1012,GP_LV2: CP123 AP 电源开关跳闸,CP错误。,X
STC,상,1013,GP_LV2: CP123 CP2 HMI 电源开关跳闸,CP错误。,X
RGV,상,1,紧急停止按钮动作,按下EMG（紧急停止）按钮,X
RGV,중,2,通讯失败,"通信重试, 重置措施",O
RGV,상,12,变频器报警,变频器发生错误，现场确认,X
RGV,상,13,前部防撞开关动作,RGV碰撞传感器检测，现场确认,X
RGV,상,14,后部防撞开关动作,RGV碰撞传感器检测，现场确认,X
RGV,중,16,货物状态异常,RGV内货物位置异常，现场确认,X
RGV,중,19,输送机运行时间超时,根据情况可以重试,△
RGV,중,20,RGV使用状态异常,确认RGV使用状态异常、状态,X
RGV,중,23,作业数据异常,作业数据异常，作业确认,X
GTR,상,1,GP柜和MP柜网络通信中断,通讯 RETRY,O
GTR,상,3,OP1柜 急停按钮-需要检查,关于SAFETY，需要用肉眼确认,X
GTR,상,4,OP2柜 急停按钮-需要检查,关于SAFETY，需要用肉眼确认,X
GTR,상,5,1号安全门被打开,关于SAFETY，需要用肉眼确认,X
GTR,상,6,2号安全门被打开,关于SAFETY，需要用肉眼确认,X
GTR,상,7,1号安全光栅被遮挡,关于SAFETY，需要用肉眼确认,X
GTR,상,8,2号安全光栅被遮挡,关于SAFETY，需要用肉眼确认,X
GTR,상,9,1号安全门急停按钮,关于SAFETY，需要用肉眼确认,X
GTR,상,10,2号安全门急停按钮,关于SAFETY，需要用肉眼确认,X
GTR,중,11,X轴 前进限位传感器异常,SW LIMIT 检测，需要肉眼确认,X
GTR,중,12,X轴 后退限位传感器异常,SW LIMIT 检测，需要肉眼确认,X
GTR,중,13,Y轴 前进限位传感器异常,SW LIMIT 检测，需要肉眼确认,X
GTR,중,14,Y轴 后退限位传感器异常,SW LIMIT 检测，需要肉眼确认,X
GTR,중,15,Z轴 上限位传感器异常,SW LIMIT 检测，需要肉眼确认,X
GTR,중,16,T轴 打开限位传感器异常,SW LIMIT 检测，需要肉眼确认,X
GTR,중,17,Z轴 同步带检测传感器异常,BELT 检测错误 。 需要肉眼确认,X
GTR,중,21,超过X1轴前进限位,SW LIMIT 检测，需要肉眼确认,X
GTR,중,22,超过X1轴后退限位,SW LIMIT 检测，需要肉眼确认,X
GTR,중,23,超过X2轴前进限位,SW LIMIT 检测，需要肉眼确认,X
GTR,중,24,超过X2轴后退限位,SW LIMIT 检测，需要肉眼确认,X
GTR,중,25,超过Y轴前进限位,SW LIMIT 检测，需要肉眼确认,X
GTR,중,26,超过Y轴后退限位,SW LIMIT 检测，需要肉眼确认,X
GTR,중,27,超过Z轴上限位,SW LIMIT 检测，需要肉眼确认,X
GTR,중,28,超过Z轴下限位,SW LIMIT 检测，需要肉眼确认,X
GTR,중,29,T轴打开位置超限,SW LIMIT 检测，需要肉眼确认,X
GTR,중,30,T轴关闭位置超限,SW LIMIT 检测，需要肉眼确认,X
GTR,상,31,X1轴 脱轨传感器异常,传感器检测，需要肉眼确认,X
GTR,상,32,X2轴 脱轨传感器异常,传感器检测，需要肉眼确认,X
GTR,중,41,X1轴 技术功能故障,X轴驱动设置异常 。,X
GTR,중,42,X2轴 技术功能故障,X轴驱动设置异常 。,X
GTR,중,43,Y轴  驱动器故障,Y轴驱动设置异常 。,X
GTR,중,44,Z轴  技术功能故障,Z轴驱动设置异常 。,X
GTR,중,45,T轴  技术功能故障,T轴驱动设置异常 。,X
GTR,중,46,伺服驱动器报错,X1/X2轴同步行驶设定异常,X
GTR,상,47,X1和X2轴 同步差值超限,X1/X2轴同步行驶值Over,X
GTR,상,51,X1轴 驱动器故障,电机闹钟确认,X
GTR,상,52,X2轴   驱动器故障,电机闹钟确认,X
GTR,상,53,Y轴  驱动器故障,电机闹钟确认,X
GTR,상,54,Z轴  驱动器故障,电机闹钟确认,X
GTR,상,55,T轴 驱动器故障,电机闹钟确认,X
GTR,중,56,REGEN故障,驱动控制器错误,X
GTR,중,61,参数错误 - 驱动器初始模式,需要确认是否可以远程设置参数,△
GTR,중,62,参数错误 - Y VEL FUNCTION,需要确认是否可以远程设置参数,△
GTR,중,63,参数错误 - XY ROUND FUNCTION,需要确认是否可以远程设置参数,△
GTR,중,64,参数错误 - Z F-0 POSITION,需要确认是否可以远程设置参数,△
GTR,중,65,参数错误 - Z RATIO,需要确认是否可以远程设置参数,△
GTR,중,66,参数错误 - Z_TOOL_ACT_POS_RATIO,需要确认是否可以远程设置参数,△
GTR,중,67,参数错误-T轴打开关闭超限位,需要确认是否可以远程设置参数,△
GTR,중,68,参数错误 - T RATIO,需要确认是否可以远程设置参数,△
GTR,중,69,参数错误 - 通信参数错误,需要确认是否可以远程设置参数,△
GTR,중,70,参数错误 - X轴参数错误,需要确认是否可以远程设置参数,△
GTR,중,71,参数错误 - Y轴参数错误,需要确认是否可以远程设置参数,△
GTR,중,72,参数错误 - Z轴参数错误,需要确认是否可以远程设置参数,△
GTR,중,73,参数错误 - T轴 参数错误,需要确认是否可以远程设置参数,△
GTR,상,74,参数错误 - EMG 参数错误,需要确认是否可以远程设置参数,△
GTR,중,75,参数错误 - 允许范围参数错误,需要确认是否可以远程设置参数,△
GTR,중,76,参数错误 - 产品参数错误,需要确认是否可以远程设置参数,△
GTR,중,77,参数错误 - 码胎场参数错误,需要确认是否可以远程设置参数,△
GTR,중,78,参数错误 - 工位参数错误,需要确认是否可以远程设置参数,△
GTR,중,81,传感器状态错误 - 检测Z 轴原点传感器,传感器状态异常,X
GTR,중,82,传感器状态错误 - 检测轮胎传感器,传感器状态异常,X
GTR,중,83,传感器状态错误 - 检测T轴打开传感器,传感器状态异常,X
GTR,중,84,传感器状态错误 - 检测T轴关闭传感器,传感器状态异常,X
GTR,중,91,超过龙门之间的安全距离限制,2 Head 接近错误。 位置需要调整,X
GTR,중,92,双模式错误,2 Head 操作模式错误,o
GTR,중,93,龙门维修模式错误,2 Head故障处理模式错误。 位置需要调整,X
GTR,하,111,步骤 11 运行超时,尝试单位动作超时， 重试,O
GTR,하,112,步骤 12 运行超时,尝试单位动作超时， 重试,O
GTR,하,113,步骤 13 运行超时,尝试单位动作超时， 重试,O
GTR,하,114,步骤 14 运行超时,尝试单位动作超时， 重试,O
GTR,하,115,步骤 15 运行超时,尝试单位动作超时， 重试,O
GTR,하,116,步骤 16 运行超时,尝试单位动作超时， 重试,O
GTR,하,117,步骤 17 运行超时,尝试单位动作超时， 重试,O
GTR,하,118,步骤 18 运行超时,尝试单位动作超时， 重试,O
GTR,하,121,步骤 21 运行超时,尝试单位动作超时， 重试,O
GTR,하,122,步骤 22 运行超时,尝试单位动作超时， 重试,O
GTR,하,123,步骤 23 运行超时,尝试单位动作超时， 重试,O
GTR,하,124,步骤 24 运行超时,尝试单位动作超时， 重试,O
GTR,하,125,步骤 25 运行超时,尝试单位动作超时， 重试,O
GTR,하,126,步骤 26 运行超时,尝试单位动作超时， 重试,O
GTR,하,127,步骤 27 运行超时,尝试单位动作超时， 重试,O
GTR,하,128,步骤 28 运行超时,尝试单位动作超时， 重试,O
GTR,중,131,X轴 设定的目标值错误,CMD异常，重试,O
GTR,중,132,Y轴 设定的目标值错误,CMD异常，重试,O
GTR,중,133,Z轴 设定的目标值错误,CMD异常，重试,O
GTR,중,134,T轴 设定的目标值错误,CMD异常，重试,O
GTR,중,141,传送带允许信号超时,响应超时， 重试,O
GTR,중,151,跟RCP电脑互锁反应时间超时,响应超时， 重试,O
GTR,중,161,目标码胎位被禁用,需要确认 ENABLE 设置,X
GTR,중,162,目标站点被禁用,需要确认 ENABLE 设置,X
GTR,상,201,跟RCP电脑 通信断开,重试,O
GTR,중,202,跟RCP电脑任务完成后反应时间超时,重试,O
GTR,중,211,抓取轮胎后未检测到轮胎,空出库，可自动恢复,O
GTR,중,212,放下轮胎后检测到轮胎,材料已经放下了，但是还在。,X
GTR,중,213,任务条件错误 -有轮胎,状态与命令不一致，确认CMD后重试,O
GTR,중,214,任务条件错误 -没有轮胎,状态与命令不一致，确认CMD后重试,O
GTR,중,221,在线数据错误 - 任务信息编号,DATA异常，重试,O
GTR,중,222,在线数据错误 - 任务信息最大数量,DATA异常，重试,O
GTR,중,223,在线数据错误 - 任务信息中内径信息,DATA异常，重试,O
GTR,중,224,在线数据错误 - 任务信息中外径信息,DATA异常，重试,O
GTR,중,225,在线数据错误 - 任务信息中高度信息,DATA异常，重试,O
GTR,중,226,在线数据错误 - 发送的信息中任务类型,DATA异常，重试,O
GTR,중,227,在线数据错误 - 发送的任务码胎场地,DATA异常，重试,O
GTR,중,228,在线数据错误 - 发送的任务工位,DATA异常，重试,O
GTR,중,229,在线数据错误 - 发送的信息中码胎方式,DATA异常，重试,O
GTR,중,230,在线数据错误 - 发送的信息中码胎位置,DATA异常，重试,O
GTR,중,231,在线数据错误 - 接收到的任务类型,DATA异常，重试,O
GTR,중,232,在线数据错误 - 接收到的任务码胎场地,DATA异常，重试,O
GTR,중,233,在线数据错误 - 发送的任务工位,DATA异常，重试,O
GTR,중,234,在线数据错误 - 接收到的码胎方式,DATA异常，重试,O
GTR,중,235,在线数据错误 - 接收到的码胎位置,DATA异常，重试,O
